CREATE DATABASE carsIveOwned;

CREATE USER 'cars'@'localhost' IDENTIFIED BY 'My0ldC4r$';

GRANT ALL ON carsIveOwned.* TO 'cars'@'localhost';

USE carsIveOwned;

CREATE TABLE manufacturers (
  id INT auto_increment,
  name VARCHAR(255),
  createdAt DATETIME DEFAULT CURRENT_TIMESTAMP,
  updatedAt DATETIME DEFAULT CURRENT_TIMESTAMP ON UPDATE CURRENT_TIMESTAMP,
  deletedAt DATETIME,
  PRIMARY KEY (id)
);


CREATE TABLE models (
  id INT auto_increment,
  name VARCHAR(255) NOT NULL,
  manufacturerID INT,
  createdAt DATETIME DEFAULT CURRENT_TIMESTAMP,
  updatedAt DATETIME DEFAULT CURRENT_TIMESTAMP ON UPDATE CURRENT_TIMESTAMP,
  deletedAt DATETIME,
  PRIMARY KEY (id),
  FOREIGN KEY (manufacturerID) REFERENCES manufacturers (id)
);

CREATE TABLE ownedVehicles (
id INT auto_increment,
modelID INT,
year DECIMAL(4,0),
currentVehicle ENUM('yes', 'no'),
repurchase ENUM('yes', 'no'),
createdAt DATETIME DEFAULT CURRENT_TIMESTAMP,
updatedAt DATETIME DEFAULT CURRENT_TIMESTAMP ON UPDATE CURRENT_TIMESTAMP,
deletedAt DATETIME,
PRIMARY KEY (id),
FOREIGN KEY (modelID) REFERENCES models (id)
);

INSERT INTO manufacturers (name, id) VALUES ("Alfa Romeo", 5);
INSERT INTO manufacturers (name, id) VALUES ("Audi", 10);
INSERT INTO manufacturers (name, id) VALUES ("BMW", 14);
INSERT INTO manufacturers (name, id) VALUES ("Cadillac", 19);
INSERT INTO manufacturers (name, id) VALUES ("Chevrolet", 23);
INSERT INTO manufacturers (name, id) VALUES ("Chrysler", 24);
INSERT INTO manufacturers (name, id) VALUES ("Dodge", 33);
INSERT INTO manufacturers (name, id) VALUES ("Fiat", 37);
INSERT INTO manufacturers (name, id) VALUES ("Ford", 39);
INSERT INTO manufacturers (name, id) VALUES ("Honda", 46);
INSERT INTO manufacturers (name, id) VALUES ("Jeep", 53);
INSERT INTO manufacturers (name, id) VALUES ("Lexus", 62);
INSERT INTO manufacturers (name, id) VALUES ("Mazda", 69);
INSERT INTO manufacturers (name, id) VALUES ("Mercedes-Benz", 71);
INSERT INTO manufacturers (name, id) VALUES ("Mitsubishi", 75);
INSERT INTO manufacturers (name, id) VALUES ("Nissan", 77);
INSERT INTO manufacturers (name, id) VALUES ("Plymouth", 84);
INSERT INTO manufacturers (name, id) VALUES ("Saab", 93);
INSERT INTO manufacturers (name, id) VALUES ("Suzuki", 102);
INSERT INTO manufacturers (name, id) VALUES ("Volkswagen", 111);
INSERT INTO manufacturers (name, id) VALUES ("Other", 116);

INSERT INTO models (id, name, manufacturerID) VALUES (1, "4C", 5);
INSERT INTO models (id, name, manufacturerID) VALUES (2, "8C", 5);
INSERT INTO models (id, name, manufacturerID) VALUES (3, "Alfa145", 5);
INSERT INTO models (id, name, manufacturerID) VALUES (4, "Alfa146", 5);
INSERT INTO models (id, name, manufacturerID) VALUES (5, "Alfa147", 5);
INSERT INTO models (id, name, manufacturerID) VALUES (6, "Alfa155", 5);
INSERT INTO models (id, name, manufacturerID) VALUES (7, "Alfa156", 5);
INSERT INTO models (id, name, manufacturerID) VALUES (8, "Alfa159", 5);
INSERT INTO models (id, name, manufacturerID) VALUES (9, "Alfa164", 5);
INSERT INTO models (id, name, manufacturerID) VALUES (10, "Alfa166", 5);
INSERT INTO models (id, name, manufacturerID) VALUES (11, "Alfa33", 5);
INSERT INTO models (id, name, manufacturerID) VALUES (12, "Alfa75", 5);
INSERT INTO models (id, name, manufacturerID) VALUES (13, "Alfa90", 5);
INSERT INTO models (id, name, manufacturerID) VALUES (14, "Alfasud", 5);
INSERT INTO models (id, name, manufacturerID) VALUES (15, "Alfetta", 5);
INSERT INTO models (id, name, manufacturerID) VALUES (16, "Brera", 5);
INSERT INTO models (id, name, manufacturerID) VALUES (17, "Crosswagon", 5);
INSERT INTO models (id, name, manufacturerID) VALUES (18, "Giulia", 5);
INSERT INTO models (id, name, manufacturerID) VALUES (19, "Giulietta", 5);
INSERT INTO models (id, name, manufacturerID) VALUES (20, "GT", 5);
INSERT INTO models (id, name, manufacturerID) VALUES (21, "GTV", 5);
INSERT INTO models (id, name, manufacturerID) VALUES (22, "Junior", 5);
INSERT INTO models (id, name, manufacturerID) VALUES (23, "MiTo", 5);
INSERT INTO models (id, name, manufacturerID) VALUES (24, "Spider", 5);
INSERT INTO models (id, name, manufacturerID) VALUES (25, "Sprint", 5);
INSERT INTO models (id, name, manufacturerID) VALUES (26, "Stelvio", 5);
INSERT INTO models (id, name, manufacturerID) VALUES (27, "Other", 5);
INSERT INTO models (id, name, manufacturerID) VALUES (28, "100", 10);
INSERT INTO models (id, name, manufacturerID) VALUES (29, "200", 10);
INSERT INTO models (id, name, manufacturerID) VALUES (30, "80", 10);
INSERT INTO models (id, name, manufacturerID) VALUES (31, "90", 10);
INSERT INTO models (id, name, manufacturerID) VALUES (32, "A1", 10);
INSERT INTO models (id, name, manufacturerID) VALUES (33, "A2", 10);
INSERT INTO models (id, name, manufacturerID) VALUES (34, "A3", 10);
INSERT INTO models (id, name, manufacturerID) VALUES (35, "A4", 10);
INSERT INTO models (id, name, manufacturerID) VALUES (36, "A4Allroad", 10);
INSERT INTO models (id, name, manufacturerID) VALUES (37, "A5", 10);
INSERT INTO models (id, name, manufacturerID) VALUES (38, "A6", 10);
INSERT INTO models (id, name, manufacturerID) VALUES (39, "A6Allroad", 10);
INSERT INTO models (id, name, manufacturerID) VALUES (40, "A7", 10);
INSERT INTO models (id, name, manufacturerID) VALUES (41, "A8", 10);
INSERT INTO models (id, name, manufacturerID) VALUES (42, "Cabriolet", 10);
INSERT INTO models (id, name, manufacturerID) VALUES (43, "Coupé", 10);
INSERT INTO models (id, name, manufacturerID) VALUES (44, "e-tron", 10);
INSERT INTO models (id, name, manufacturerID) VALUES (45, "Q1", 10);
INSERT INTO models (id, name, manufacturerID) VALUES (46, "Q2", 10);
INSERT INTO models (id, name, manufacturerID) VALUES (47, "Q3", 10);
INSERT INTO models (id, name, manufacturerID) VALUES (48, "Q5", 10);
INSERT INTO models (id, name, manufacturerID) VALUES (49, "Q7", 10);
INSERT INTO models (id, name, manufacturerID) VALUES (50, "Q8", 10);
INSERT INTO models (id, name, manufacturerID) VALUES (51, "quattro", 10);
INSERT INTO models (id, name, manufacturerID) VALUES (52, "R8", 10);
INSERT INTO models (id, name, manufacturerID) VALUES (53, "RS2", 10);
INSERT INTO models (id, name, manufacturerID) VALUES (54, "RS3", 10);
INSERT INTO models (id, name, manufacturerID) VALUES (55, "RS4", 10);
INSERT INTO models (id, name, manufacturerID) VALUES (56, "RS5", 10);
INSERT INTO models (id, name, manufacturerID) VALUES (57, "RS6", 10);
INSERT INTO models (id, name, manufacturerID) VALUES (58, "RS7", 10);
INSERT INTO models (id, name, manufacturerID) VALUES (59, "RSQ3", 10);
INSERT INTO models (id, name, manufacturerID) VALUES (60, "S1", 10);
INSERT INTO models (id, name, manufacturerID) VALUES (61, "S2", 10);
INSERT INTO models (id, name, manufacturerID) VALUES (62, "S3", 10);
INSERT INTO models (id, name, manufacturerID) VALUES (63, "S4", 10);
INSERT INTO models (id, name, manufacturerID) VALUES (64, "S5", 10);
INSERT INTO models (id, name, manufacturerID) VALUES (65, "S6", 10);
INSERT INTO models (id, name, manufacturerID) VALUES (66, "S7", 10);
INSERT INTO models (id, name, manufacturerID) VALUES (67, "S8", 10);
INSERT INTO models (id, name, manufacturerID) VALUES (68, "SQ2", 10);
INSERT INTO models (id, name, manufacturerID) VALUES (69, "SQ5", 10);
INSERT INTO models (id, name, manufacturerID) VALUES (70, "SQ7", 10);
INSERT INTO models (id, name, manufacturerID) VALUES (71, "SQ8", 10);
INSERT INTO models (id, name, manufacturerID) VALUES (72, "TT", 10);
INSERT INTO models (id, name, manufacturerID) VALUES (73, "TTRS", 10);
INSERT INTO models (id, name, manufacturerID) VALUES (74, "TTS", 10);
INSERT INTO models (id, name, manufacturerID) VALUES (75, "V8", 10);
INSERT INTO models (id, name, manufacturerID) VALUES (76, "Other", 10);
INSERT INTO models (id, name, manufacturerID) VALUES (77, "114", 14);
INSERT INTO models (id, name, manufacturerID) VALUES (78, "116", 14);
INSERT INTO models (id, name, manufacturerID) VALUES (79, "118", 14);
INSERT INTO models (id, name, manufacturerID) VALUES (80, "120", 14);
INSERT INTO models (id, name, manufacturerID) VALUES (81, "123", 14);
INSERT INTO models (id, name, manufacturerID) VALUES (82, "125", 14);
INSERT INTO models (id, name, manufacturerID) VALUES (83, "130", 14);
INSERT INTO models (id, name, manufacturerID) VALUES (84, "135", 14);
INSERT INTO models (id, name, manufacturerID) VALUES (85, "1erMCoupé", 14);
INSERT INTO models (id, name, manufacturerID) VALUES (86, "2002", 14);
INSERT INTO models (id, name, manufacturerID) VALUES (87, "214ActiveTourer", 14);
INSERT INTO models (id, name, manufacturerID) VALUES (88, "214GranTourer", 14);
INSERT INTO models (id, name, manufacturerID) VALUES (89, "216", 14);
INSERT INTO models (id, name, manufacturerID) VALUES (90, "216ActiveTourer", 14);
INSERT INTO models (id, name, manufacturerID) VALUES (91, "216GranTourer", 14);
INSERT INTO models (id, name, manufacturerID) VALUES (92, "218", 14);
INSERT INTO models (id, name, manufacturerID) VALUES (93, "218ActiveTourer", 14);
INSERT INTO models (id, name, manufacturerID) VALUES (94, "218GranTourer", 14);
INSERT INTO models (id, name, manufacturerID) VALUES (95, "220", 14);
INSERT INTO models (id, name, manufacturerID) VALUES (96, "220ActiveTourer", 14);
INSERT INTO models (id, name, manufacturerID) VALUES (97, "220GranTourer", 14);
INSERT INTO models (id, name, manufacturerID) VALUES (98, "225", 14);
INSERT INTO models (id, name, manufacturerID) VALUES (99, "225ActiveTourer", 14);
INSERT INTO models (id, name, manufacturerID) VALUES (100, "228", 14);
INSERT INTO models (id, name, manufacturerID) VALUES (101, "230", 14);
INSERT INTO models (id, name, manufacturerID) VALUES (102, "315", 14);
INSERT INTO models (id, name, manufacturerID) VALUES (103, "316", 14);
INSERT INTO models (id, name, manufacturerID) VALUES (104, "318", 14);
INSERT INTO models (id, name, manufacturerID) VALUES (105, "318GranTurismo", 14);
INSERT INTO models (id, name, manufacturerID) VALUES (106, "320", 14);
INSERT INTO models (id, name, manufacturerID) VALUES (107, "320GranTurismo", 14);
INSERT INTO models (id, name, manufacturerID) VALUES (108, "323", 14);
INSERT INTO models (id, name, manufacturerID) VALUES (109, "324", 14);
INSERT INTO models (id, name, manufacturerID) VALUES (110, "325", 14);
INSERT INTO models (id, name, manufacturerID) VALUES (111, "325GranTurismo", 14);
INSERT INTO models (id, name, manufacturerID) VALUES (112, "328", 14);
INSERT INTO models (id, name, manufacturerID) VALUES (113, "328GranTurismo", 14);
INSERT INTO models (id, name, manufacturerID) VALUES (114, "330", 14);
INSERT INTO models (id, name, manufacturerID) VALUES (115, "330GranTurismo", 14);
INSERT INTO models (id, name, manufacturerID) VALUES (116, "335", 14);
INSERT INTO models (id, name, manufacturerID) VALUES (117, "335GranTurismo", 14);
INSERT INTO models (id, name, manufacturerID) VALUES (118, "340", 14);
INSERT INTO models (id, name, manufacturerID) VALUES (119, "340GranTurismo", 14);
INSERT INTO models (id, name, manufacturerID) VALUES (120, "ActiveHybrid3", 14);
INSERT INTO models (id, name, manufacturerID) VALUES (121, "418", 14);
INSERT INTO models (id, name, manufacturerID) VALUES (122, "418GranCoupé", 14);
INSERT INTO models (id, name, manufacturerID) VALUES (123, "420", 14);
INSERT INTO models (id, name, manufacturerID) VALUES (124, "420GranCoupé", 14);
INSERT INTO models (id, name, manufacturerID) VALUES (125, "425", 14);
INSERT INTO models (id, name, manufacturerID) VALUES (126, "425GranCoupé", 14);
INSERT INTO models (id, name, manufacturerID) VALUES (127, "428", 14);
INSERT INTO models (id, name, manufacturerID) VALUES (128, "428GranCoupé", 14);
INSERT INTO models (id, name, manufacturerID) VALUES (129, "430", 14);
INSERT INTO models (id, name, manufacturerID) VALUES (130, "430GranCoupé", 14);
INSERT INTO models (id, name, manufacturerID) VALUES (131, "435", 14);
INSERT INTO models (id, name, manufacturerID) VALUES (132, "435GranCoupé", 14);
INSERT INTO models (id, name, manufacturerID) VALUES (133, "440", 14);
INSERT INTO models (id, name, manufacturerID) VALUES (134, "440GranCoupé", 14);
INSERT INTO models (id, name, manufacturerID) VALUES (135, "518", 14);
INSERT INTO models (id, name, manufacturerID) VALUES (136, "520", 14);
INSERT INTO models (id, name, manufacturerID) VALUES (137, "520GranTurismo", 14);
INSERT INTO models (id, name, manufacturerID) VALUES (138, "523", 14);
INSERT INTO models (id, name, manufacturerID) VALUES (139, "524", 14);
INSERT INTO models (id, name, manufacturerID) VALUES (140, "525", 14);
INSERT INTO models (id, name, manufacturerID) VALUES (141, "528", 14);
INSERT INTO models (id, name, manufacturerID) VALUES (142, "530", 14);
INSERT INTO models (id, name, manufacturerID) VALUES (143, "530GranTurismo", 14);
INSERT INTO models (id, name, manufacturerID) VALUES (144, "535", 14);
INSERT INTO models (id, name, manufacturerID) VALUES (145, "535GranTurismo", 14);
INSERT INTO models (id, name, manufacturerID) VALUES (146, "540", 14);
INSERT INTO models (id, name, manufacturerID) VALUES (147, "545", 14);
INSERT INTO models (id, name, manufacturerID) VALUES (148, "550", 14);
INSERT INTO models (id, name, manufacturerID) VALUES (149, "550GranTurismo", 14);
INSERT INTO models (id, name, manufacturerID) VALUES (150, "ActiveHybrid5", 14);
INSERT INTO models (id, name, manufacturerID) VALUES (151, "620GranTurismo", 14);
INSERT INTO models (id, name, manufacturerID) VALUES (152, "628", 14);
INSERT INTO models (id, name, manufacturerID) VALUES (153, "630", 14);
INSERT INTO models (id, name, manufacturerID) VALUES (154, "630GranTurismo", 14);
INSERT INTO models (id, name, manufacturerID) VALUES (155, "633", 14);
INSERT INTO models (id, name, manufacturerID) VALUES (156, "635", 14);
INSERT INTO models (id, name, manufacturerID) VALUES (157, "640", 14);
INSERT INTO models (id, name, manufacturerID) VALUES (158, "640GranCoupé", 14);
INSERT INTO models (id, name, manufacturerID) VALUES (159, "640GranTurismo", 14);
INSERT INTO models (id, name, manufacturerID) VALUES (160, "645", 14);
INSERT INTO models (id, name, manufacturerID) VALUES (161, "650", 14);
INSERT INTO models (id, name, manufacturerID) VALUES (162, "650GranCoupé", 14);
INSERT INTO models (id, name, manufacturerID) VALUES (163, "725", 14);
INSERT INTO models (id, name, manufacturerID) VALUES (164, "728", 14);
INSERT INTO models (id, name, manufacturerID) VALUES (165, "730", 14);
INSERT INTO models (id, name, manufacturerID) VALUES (166, "732", 14);
INSERT INTO models (id, name, manufacturerID) VALUES (167, "735", 14);
INSERT INTO models (id, name, manufacturerID) VALUES (168, "740", 14);
INSERT INTO models (id, name, manufacturerID) VALUES (169, "745", 14);
INSERT INTO models (id, name, manufacturerID) VALUES (170, "750", 14);
INSERT INTO models (id, name, manufacturerID) VALUES (171, "760", 14);
INSERT INTO models (id, name, manufacturerID) VALUES (172, "ActiveHybrid7", 14);
INSERT INTO models (id, name, manufacturerID) VALUES (173, "840", 14);
INSERT INTO models (id, name, manufacturerID) VALUES (174, "850", 14);
INSERT INTO models (id, name, manufacturerID) VALUES (175, "i3", 14);
INSERT INTO models (id, name, manufacturerID) VALUES (176, "i8", 14);
INSERT INTO models (id, name, manufacturerID) VALUES (177, "M135", 14);
INSERT INTO models (id, name, manufacturerID) VALUES (178, "M140i", 14);
INSERT INTO models (id, name, manufacturerID) VALUES (179, "M2", 14);
INSERT INTO models (id, name, manufacturerID) VALUES (180, "M235", 14);
INSERT INTO models (id, name, manufacturerID) VALUES (181, "M240i", 14);
INSERT INTO models (id, name, manufacturerID) VALUES (182, "M3", 14);
INSERT INTO models (id, name, manufacturerID) VALUES (183, "M340i", 14);
INSERT INTO models (id, name, manufacturerID) VALUES (184, "M4", 14);
INSERT INTO models (id, name, manufacturerID) VALUES (185, "M5", 14);
INSERT INTO models (id, name, manufacturerID) VALUES (186, "M550", 14);
INSERT INTO models (id, name, manufacturerID) VALUES (187, "M6", 14);
INSERT INTO models (id, name, manufacturerID) VALUES (188, "M760", 14);
INSERT INTO models (id, name, manufacturerID) VALUES (189, "M850", 14);
INSERT INTO models (id, name, manufacturerID) VALUES (190, "ActiveHybridX6", 14);
INSERT INTO models (id, name, manufacturerID) VALUES (191, "X1", 14);
INSERT INTO models (id, name, manufacturerID) VALUES (192, "X2", 14);
INSERT INTO models (id, name, manufacturerID) VALUES (193, "X3", 14);
INSERT INTO models (id, name, manufacturerID) VALUES (194, "X3M", 14);
INSERT INTO models (id, name, manufacturerID) VALUES (195, "X3M40", 14);
INSERT INTO models (id, name, manufacturerID) VALUES (196, "X4", 14);
INSERT INTO models (id, name, manufacturerID) VALUES (197, "X4M", 14);
INSERT INTO models (id, name, manufacturerID) VALUES (198, "X4M40", 14);
INSERT INTO models (id, name, manufacturerID) VALUES (199, "X5", 14);
INSERT INTO models (id, name, manufacturerID) VALUES (200, "X5M", 14);
INSERT INTO models (id, name, manufacturerID) VALUES (201, "X5M50", 14);
INSERT INTO models (id, name, manufacturerID) VALUES (202, "X6", 14);
INSERT INTO models (id, name, manufacturerID) VALUES (203, "X6M", 14);
INSERT INTO models (id, name, manufacturerID) VALUES (204, "X6M50", 14);
INSERT INTO models (id, name, manufacturerID) VALUES (205, "X7", 14);
INSERT INTO models (id, name, manufacturerID) VALUES (206, "Z1", 14);
INSERT INTO models (id, name, manufacturerID) VALUES (207, "Z3", 14);
INSERT INTO models (id, name, manufacturerID) VALUES (208, "Z3M", 14);
INSERT INTO models (id, name, manufacturerID) VALUES (209, "Z4", 14);
INSERT INTO models (id, name, manufacturerID) VALUES (210, "Z4M", 14);
INSERT INTO models (id, name, manufacturerID) VALUES (211, "Z8", 14);
INSERT INTO models (id, name, manufacturerID) VALUES (212, "Other", 14);
INSERT INTO models (id, name, manufacturerID) VALUES (213, "Allante", 19);
INSERT INTO models (id, name, manufacturerID) VALUES (214, "ATS", 19);
INSERT INTO models (id, name, manufacturerID) VALUES (215, "BLS", 19);
INSERT INTO models (id, name, manufacturerID) VALUES (216, "CT6", 19);
INSERT INTO models (id, name, manufacturerID) VALUES (217, "CTS", 19);
INSERT INTO models (id, name, manufacturerID) VALUES (218, "Deville", 19);
INSERT INTO models (id, name, manufacturerID) VALUES (219, "Eldorado", 19);
INSERT INTO models (id, name, manufacturerID) VALUES (220, "Escalade", 19);
INSERT INTO models (id, name, manufacturerID) VALUES (221, "Fleetwood", 19);
INSERT INTO models (id, name, manufacturerID) VALUES (222, "Seville", 19);
INSERT INTO models (id, name, manufacturerID) VALUES (223, "SRX", 19);
INSERT INTO models (id, name, manufacturerID) VALUES (224, "STS", 19);
INSERT INTO models (id, name, manufacturerID) VALUES (225, "XLR", 19);
INSERT INTO models (id, name, manufacturerID) VALUES (226, "XT5", 19);
INSERT INTO models (id, name, manufacturerID) VALUES (227, "Other", 19);
INSERT INTO models (id, name, manufacturerID) VALUES (228, "2500", 23);
INSERT INTO models (id, name, manufacturerID) VALUES (229, "Alero", 23);
INSERT INTO models (id, name, manufacturerID) VALUES (230, "Astro", 23);
INSERT INTO models (id, name, manufacturerID) VALUES (231, "Avalanche", 23);
INSERT INTO models (id, name, manufacturerID) VALUES (232, "Aveo", 23);
INSERT INTO models (id, name, manufacturerID) VALUES (233, "Beretta", 23);
INSERT INTO models (id, name, manufacturerID) VALUES (234, "Blazer", 23);
INSERT INTO models (id, name, manufacturerID) VALUES (235, "C1500", 23);
INSERT INTO models (id, name, manufacturerID) VALUES (236, "Camaro", 23);
INSERT INTO models (id, name, manufacturerID) VALUES (237, "Caprice", 23);
INSERT INTO models (id, name, manufacturerID) VALUES (238, "Captiva", 23);
INSERT INTO models (id, name, manufacturerID) VALUES (239, "Cavalier", 23);
INSERT INTO models (id, name, manufacturerID) VALUES (240, "Chevelle", 23);
INSERT INTO models (id, name, manufacturerID) VALUES (241, "ChevyVan", 23);
INSERT INTO models (id, name, manufacturerID) VALUES (242, "Citation", 23);
INSERT INTO models (id, name, manufacturerID) VALUES (243, "Colorado", 23);
INSERT INTO models (id, name, manufacturerID) VALUES (244, "Corsica", 23);
INSERT INTO models (id, name, manufacturerID) VALUES (245, "Cruze", 23);
INSERT INTO models (id, name, manufacturerID) VALUES (246, "ElCamino", 23);
INSERT INTO models (id, name, manufacturerID) VALUES (247, "Epica", 23);
INSERT INTO models (id, name, manufacturerID) VALUES (248, "Evanda", 23);
INSERT INTO models (id, name, manufacturerID) VALUES (249, "Express", 23);
INSERT INTO models (id, name, manufacturerID) VALUES (250, "G", 23);
INSERT INTO models (id, name, manufacturerID) VALUES (251, "HHR", 23);
INSERT INTO models (id, name, manufacturerID) VALUES (252, "Impala", 23);
INSERT INTO models (id, name, manufacturerID) VALUES (253, "K1500", 23);
INSERT INTO models (id, name, manufacturerID) VALUES (254, "K30", 23);
INSERT INTO models (id, name, manufacturerID) VALUES (255, "Kalos", 23);
INSERT INTO models (id, name, manufacturerID) VALUES (256, "Lacetti", 23);
INSERT INTO models (id, name, manufacturerID) VALUES (257, "Lumina", 23);
INSERT INTO models (id, name, manufacturerID) VALUES (258, "Malibu", 23);
INSERT INTO models (id, name, manufacturerID) VALUES (259, "Matiz", 23);
INSERT INTO models (id, name, manufacturerID) VALUES (260, "Niva", 23);
INSERT INTO models (id, name, manufacturerID) VALUES (261, "Nubira", 23);
INSERT INTO models (id, name, manufacturerID) VALUES (262, "Orlando", 23);
INSERT INTO models (id, name, manufacturerID) VALUES (263, "Rezzo", 23);
INSERT INTO models (id, name, manufacturerID) VALUES (264, "S-10", 23);
INSERT INTO models (id, name, manufacturerID) VALUES (265, "Silverado", 23);
INSERT INTO models (id, name, manufacturerID) VALUES (266, "Spark", 23);
INSERT INTO models (id, name, manufacturerID) VALUES (267, "SSR", 23);
INSERT INTO models (id, name, manufacturerID) VALUES (268, "Suburban", 23);
INSERT INTO models (id, name, manufacturerID) VALUES (269, "Tahoe", 23);
INSERT INTO models (id, name, manufacturerID) VALUES (270, "Trailblazer", 23);
INSERT INTO models (id, name, manufacturerID) VALUES (271, "TransSport", 23);
INSERT INTO models (id, name, manufacturerID) VALUES (272, "Traverse", 23);
INSERT INTO models (id, name, manufacturerID) VALUES (273, "Trax", 23);
INSERT INTO models (id, name, manufacturerID) VALUES (274, "Venture", 23);
INSERT INTO models (id, name, manufacturerID) VALUES (275, "Volt", 23);
INSERT INTO models (id, name, manufacturerID) VALUES (276, "Other", 23);
INSERT INTO models (id, name, manufacturerID) VALUES (277, "200", 24);
INSERT INTO models (id, name, manufacturerID) VALUES (278, "300C", 24);
INSERT INTO models (id, name, manufacturerID) VALUES (279, "300M", 24);
INSERT INTO models (id, name, manufacturerID) VALUES (280, "Aspen", 24);
INSERT INTO models (id, name, manufacturerID) VALUES (281, "Crossfire", 24);
INSERT INTO models (id, name, manufacturerID) VALUES (282, "Daytona", 24);
INSERT INTO models (id, name, manufacturerID) VALUES (283, "ES", 24);
INSERT INTO models (id, name, manufacturerID) VALUES (284, "GrandVoyager", 24);
INSERT INTO models (id, name, manufacturerID) VALUES (285, "GS", 24);
INSERT INTO models (id, name, manufacturerID) VALUES (286, "GTS", 24);
INSERT INTO models (id, name, manufacturerID) VALUES (287, "Imperial", 24);
INSERT INTO models (id, name, manufacturerID) VALUES (288, "LeBaron", 24);
INSERT INTO models (id, name, manufacturerID) VALUES (289, "Neon", 24);
INSERT INTO models (id, name, manufacturerID) VALUES (290, "NewYorker", 24);
INSERT INTO models (id, name, manufacturerID) VALUES (291, "Pacifica", 24);
INSERT INTO models (id, name, manufacturerID) VALUES (292, "PTCruiser", 24);
INSERT INTO models (id, name, manufacturerID) VALUES (293, "Saratoga", 24);
INSERT INTO models (id, name, manufacturerID) VALUES (294, "Sebring", 24);
INSERT INTO models (id, name, manufacturerID) VALUES (295, "Stratus", 24);
INSERT INTO models (id, name, manufacturerID) VALUES (296, "Valiant", 24);
INSERT INTO models (id, name, manufacturerID) VALUES (297, "Viper", 24);
INSERT INTO models (id, name, manufacturerID) VALUES (298, "Vision", 24);
INSERT INTO models (id, name, manufacturerID) VALUES (299, "Voyager", 24);
INSERT INTO models (id, name, manufacturerID) VALUES (300, "Other", 24);
INSERT INTO models (id, name, manufacturerID) VALUES (301, "Avenger", 33);
INSERT INTO models (id, name, manufacturerID) VALUES (302, "Caliber", 33);
INSERT INTO models (id, name, manufacturerID) VALUES (303, "Challenger", 33);
INSERT INTO models (id, name, manufacturerID) VALUES (304, "Charger", 33);
INSERT INTO models (id, name, manufacturerID) VALUES (305, "Dakota", 33);
INSERT INTO models (id, name, manufacturerID) VALUES (306, "Dart", 33);
INSERT INTO models (id, name, manufacturerID) VALUES (307, "Demon", 33);
INSERT INTO models (id, name, manufacturerID) VALUES (308, "Durango", 33);
INSERT INTO models (id, name, manufacturerID) VALUES (309, "GrandCaravan", 33);
INSERT INTO models (id, name, manufacturerID) VALUES (310, "Hornet", 33);
INSERT INTO models (id, name, manufacturerID) VALUES (311, "Journey", 33);
INSERT INTO models (id, name, manufacturerID) VALUES (312, "Magnum", 33);
INSERT INTO models (id, name, manufacturerID) VALUES (313, "Neon", 33);
INSERT INTO models (id, name, manufacturerID) VALUES (314, "Nitro", 33);
INSERT INTO models (id, name, manufacturerID) VALUES (315, "RAM", 33);
INSERT INTO models (id, name, manufacturerID) VALUES (316, "Stealth", 33);
INSERT INTO models (id, name, manufacturerID) VALUES (317, "Viper", 33);
INSERT INTO models (id, name, manufacturerID) VALUES (318, "Other", 33);
INSERT INTO models (id, name, manufacturerID) VALUES (319, "124", 37);
INSERT INTO models (id, name, manufacturerID) VALUES (320, "124Spider", 37);
INSERT INTO models (id, name, manufacturerID) VALUES (321, "126", 37);
INSERT INTO models (id, name, manufacturerID) VALUES (322, "127", 37);
INSERT INTO models (id, name, manufacturerID) VALUES (323, "130", 37);
INSERT INTO models (id, name, manufacturerID) VALUES (324, "131", 37);
INSERT INTO models (id, name, manufacturerID) VALUES (325, "500", 37);
INSERT INTO models (id, name, manufacturerID) VALUES (326, "500C", 37);
INSERT INTO models (id, name, manufacturerID) VALUES (327, "500L", 37);
INSERT INTO models (id, name, manufacturerID) VALUES (328, "500LCross", 37);
INSERT INTO models (id, name, manufacturerID) VALUES (329, "500LLiving", 37);
INSERT INTO models (id, name, manufacturerID) VALUES (330, "500LTrekking", 37);
INSERT INTO models (id, name, manufacturerID) VALUES (331, "500LUrban", 37);
INSERT INTO models (id, name, manufacturerID) VALUES (332, "500LWagon", 37);
INSERT INTO models (id, name, manufacturerID) VALUES (333, "500S", 37);
INSERT INTO models (id, name, manufacturerID) VALUES (334, "500X", 37);
INSERT INTO models (id, name, manufacturerID) VALUES (335, "Albea", 37);
INSERT INTO models (id, name, manufacturerID) VALUES (336, "Barchetta", 37);
INSERT INTO models (id, name, manufacturerID) VALUES (337, "Brava", 37);
INSERT INTO models (id, name, manufacturerID) VALUES (338, "Bravo", 37);
INSERT INTO models (id, name, manufacturerID) VALUES (339, "Cinquecento", 37);
INSERT INTO models (id, name, manufacturerID) VALUES (340, "Coupe", 37);
INSERT INTO models (id, name, manufacturerID) VALUES (341, "Croma", 37);
INSERT INTO models (id, name, manufacturerID) VALUES (342, "Dino", 37);
INSERT INTO models (id, name, manufacturerID) VALUES (343, "Doblo", 37);
INSERT INTO models (id, name, manufacturerID) VALUES (344, "Ducato", 37);
INSERT INTO models (id, name, manufacturerID) VALUES (345, "Fiorino", 37);
INSERT INTO models (id, name, manufacturerID) VALUES (346, "Freemont", 37);
INSERT INTO models (id, name, manufacturerID) VALUES (347, "Fullback", 37);
INSERT INTO models (id, name, manufacturerID) VALUES (348, "GrandePunto", 37);
INSERT INTO models (id, name, manufacturerID) VALUES (349, "Idea", 37);
INSERT INTO models (id, name, manufacturerID) VALUES (350, "Linea", 37);
INSERT INTO models (id, name, manufacturerID) VALUES (351, "Marea", 37);
INSERT INTO models (id, name, manufacturerID) VALUES (352, "Marengo", 37);
INSERT INTO models (id, name, manufacturerID) VALUES (353, "Multipla", 37);
INSERT INTO models (id, name, manufacturerID) VALUES (354, "NewPanda", 37);
INSERT INTO models (id, name, manufacturerID) VALUES (355, "Palio", 37);
INSERT INTO models (id, name, manufacturerID) VALUES (356, "Panda", 37);
INSERT INTO models (id, name, manufacturerID) VALUES (357, "Punto", 37);
INSERT INTO models (id, name, manufacturerID) VALUES (358, "PuntoEvo", 37);
INSERT INTO models (id, name, manufacturerID) VALUES (359, "Qubo", 37);
INSERT INTO models (id, name, manufacturerID) VALUES (360, "Regata", 37);
INSERT INTO models (id, name, manufacturerID) VALUES (361, "Ritmo", 37);
INSERT INTO models (id, name, manufacturerID) VALUES (362, "Scudo", 37);
INSERT INTO models (id, name, manufacturerID) VALUES (363, "Sedici", 37);
INSERT INTO models (id, name, manufacturerID) VALUES (364, "Seicento", 37);
INSERT INTO models (id, name, manufacturerID) VALUES (365, "Siena", 37);
INSERT INTO models (id, name, manufacturerID) VALUES (366, "SpiderEuropa", 37);
INSERT INTO models (id, name, manufacturerID) VALUES (367, "Stilo", 37);
INSERT INTO models (id, name, manufacturerID) VALUES (368, "Strada", 37);
INSERT INTO models (id, name, manufacturerID) VALUES (369, "Talento", 37);
INSERT INTO models (id, name, manufacturerID) VALUES (370, "Tempra", 37);
INSERT INTO models (id, name, manufacturerID) VALUES (371, "Tipo", 37);
INSERT INTO models (id, name, manufacturerID) VALUES (372, "Ulysse", 37);
INSERT INTO models (id, name, manufacturerID) VALUES (373, "Uno", 37);
INSERT INTO models (id, name, manufacturerID) VALUES (374, "X1/9", 37);
INSERT INTO models (id, name, manufacturerID) VALUES (375, "Other", 37);
INSERT INTO models (id, name, manufacturerID) VALUES (376, "Aerostar", 39);
INSERT INTO models (id, name, manufacturerID) VALUES (377, "B-Max", 39);
INSERT INTO models (id, name, manufacturerID) VALUES (378, "Bronco", 39);
INSERT INTO models (id, name, manufacturerID) VALUES (379, "Capri", 39);
INSERT INTO models (id, name, manufacturerID) VALUES (380, "C-Max", 39);
INSERT INTO models (id, name, manufacturerID) VALUES (381, "Cougar", 39);
INSERT INTO models (id, name, manufacturerID) VALUES (382, "Courier", 39);
INSERT INTO models (id, name, manufacturerID) VALUES (383, "Crown", 39);
INSERT INTO models (id, name, manufacturerID) VALUES (384, "Econoline", 39);
INSERT INTO models (id, name, manufacturerID) VALUES (385, "Econovan", 39);
INSERT INTO models (id, name, manufacturerID) VALUES (386, "EcoSport", 39);
INSERT INTO models (id, name, manufacturerID) VALUES (387, "Edge", 39);
INSERT INTO models (id, name, manufacturerID) VALUES (388, "Escape", 39);
INSERT INTO models (id, name, manufacturerID) VALUES (389, "Escort", 39);
INSERT INTO models (id, name, manufacturerID) VALUES (390, "Excursion", 39);
INSERT INTO models (id, name, manufacturerID) VALUES (391, "Expedition", 39);
INSERT INTO models (id, name, manufacturerID) VALUES (392, "Explorer", 39);
INSERT INTO models (id, name, manufacturerID) VALUES (393, "Express", 39);
INSERT INTO models (id, name, manufacturerID) VALUES (394, "F100", 39);
INSERT INTO models (id, name, manufacturerID) VALUES (395, "F150", 39);
INSERT INTO models (id, name, manufacturerID) VALUES (396, "F250", 39);
INSERT INTO models (id, name, manufacturerID) VALUES (397, "F350", 39);
INSERT INTO models (id, name, manufacturerID) VALUES (398, "Fairlane", 39);
INSERT INTO models (id, name, manufacturerID) VALUES (399, "Falcon", 39);
INSERT INTO models (id, name, manufacturerID) VALUES (400, "Fiesta", 39);
INSERT INTO models (id, name, manufacturerID) VALUES (401, "Flex", 39);
INSERT INTO models (id, name, manufacturerID) VALUES (402, "Focus", 39);
INSERT INTO models (id, name, manufacturerID) VALUES (403, "Fusion", 39);
INSERT INTO models (id, name, manufacturerID) VALUES (404, "Galaxy", 39);
INSERT INTO models (id, name, manufacturerID) VALUES (405, "Granada", 39);
INSERT INTO models (id, name, manufacturerID) VALUES (406, "GrandC-Max", 39);
INSERT INTO models (id, name, manufacturerID) VALUES (407, "GrandTourneo", 39);
INSERT INTO models (id, name, manufacturerID) VALUES (408, "GT", 39);
INSERT INTO models (id, name, manufacturerID) VALUES (409, "Ka/Ka+", 39);
INSERT INTO models (id, name, manufacturerID) VALUES (410, "Kuga", 39);
INSERT INTO models (id, name, manufacturerID) VALUES (411, "Maverick", 39);
INSERT INTO models (id, name, manufacturerID) VALUES (412, "Mercury", 39);
INSERT INTO models (id, name, manufacturerID) VALUES (413, "Mondeo", 39);
INSERT INTO models (id, name, manufacturerID) VALUES (414, "Mustang", 39);
INSERT INTO models (id, name, manufacturerID) VALUES (415, "Orion", 39);
INSERT INTO models (id, name, manufacturerID) VALUES (416, "Probe", 39);
INSERT INTO models (id, name, manufacturerID) VALUES (417, "Puma", 39);
INSERT INTO models (id, name, manufacturerID) VALUES (418, "Ranger", 39);
INSERT INTO models (id, name, manufacturerID) VALUES (419, "Raptor", 39);
INSERT INTO models (id, name, manufacturerID) VALUES (420, "Scorpio", 39);
INSERT INTO models (id, name, manufacturerID) VALUES (421, "Sierra", 39);
INSERT INTO models (id, name, manufacturerID) VALUES (422, "S-Max", 39);
INSERT INTO models (id, name, manufacturerID) VALUES (423, "Sportka", 39);
INSERT INTO models (id, name, manufacturerID) VALUES (424, "Streetka", 39);
INSERT INTO models (id, name, manufacturerID) VALUES (425, "Taunus", 39);
INSERT INTO models (id, name, manufacturerID) VALUES (426, "Taurus", 39);
INSERT INTO models (id, name, manufacturerID) VALUES (427, "Thunderbird", 39);
INSERT INTO models (id, name, manufacturerID) VALUES (428, "Tourneo", 39);
INSERT INTO models (id, name, manufacturerID) VALUES (429, "TourneoConnect", 39);
INSERT INTO models (id, name, manufacturerID) VALUES (430, "TourneoCourier", 39);
INSERT INTO models (id, name, manufacturerID) VALUES (431, "TourneoCustom", 39);
INSERT INTO models (id, name, manufacturerID) VALUES (432, "Transit", 39);
INSERT INTO models (id, name, manufacturerID) VALUES (433, "TransitConnect", 39);
INSERT INTO models (id, name, manufacturerID) VALUES (434, "TransitCourier", 39);
INSERT INTO models (id, name, manufacturerID) VALUES (435, "TransitCustom", 39);
INSERT INTO models (id, name, manufacturerID) VALUES (436, "Windstar", 39);
INSERT INTO models (id, name, manufacturerID) VALUES (437, "Other", 39);
INSERT INTO models (id, name, manufacturerID) VALUES (439, "Accord", 46);
INSERT INTO models (id, name, manufacturerID) VALUES (440, "Aerodeck", 46);
INSERT INTO models (id, name, manufacturerID) VALUES (441, "City", 46);
INSERT INTO models (id, name, manufacturerID) VALUES (442, "Civic", 46);
INSERT INTO models (id, name, manufacturerID) VALUES (443, "Clarity", 46);
INSERT INTO models (id, name, manufacturerID) VALUES (444, "Concerto", 46);
INSERT INTO models (id, name, manufacturerID) VALUES (445, "CR-V", 46);
INSERT INTO models (id, name, manufacturerID) VALUES (446, "CRX", 46);
INSERT INTO models (id, name, manufacturerID) VALUES (447, "CR-Z", 46);
INSERT INTO models (id, name, manufacturerID) VALUES (448, "e", 46);
INSERT INTO models (id, name, manufacturerID) VALUES (449, "Element", 46);
INSERT INTO models (id, name, manufacturerID) VALUES (450, "FR-V", 46);
INSERT INTO models (id, name, manufacturerID) VALUES (451, "HR-V", 46);
INSERT INTO models (id, name, manufacturerID) VALUES (452, "Insight", 46);
INSERT INTO models (id, name, manufacturerID) VALUES (453, "Integra", 46);
INSERT INTO models (id, name, manufacturerID) VALUES (454, "Jazz", 46);
INSERT INTO models (id, name, manufacturerID) VALUES (455, "Legend", 46);
INSERT INTO models (id, name, manufacturerID) VALUES (456, "Logo", 46);
INSERT INTO models (id, name, manufacturerID) VALUES (457, "NSX", 46);
INSERT INTO models (id, name, manufacturerID) VALUES (458, "Odyssey", 46);
INSERT INTO models (id, name, manufacturerID) VALUES (459, "Pilot", 46);
INSERT INTO models (id, name, manufacturerID) VALUES (460, "Prelude", 46);
INSERT INTO models (id, name, manufacturerID) VALUES (461, "Ridgeline", 46);
INSERT INTO models (id, name, manufacturerID) VALUES (462, "S2000", 46);
INSERT INTO models (id, name, manufacturerID) VALUES (463, "Shuttle", 46);
INSERT INTO models (id, name, manufacturerID) VALUES (464, "Stream", 46);
INSERT INTO models (id, name, manufacturerID) VALUES (465, "Other", 46);
INSERT INTO models (id, name, manufacturerID) VALUES (470, "Cherokee", 53);
INSERT INTO models (id, name, manufacturerID) VALUES (471, "CJ", 53);
INSERT INTO models (id, name, manufacturerID) VALUES (472, "Comanche", 53);
INSERT INTO models (id, name, manufacturerID) VALUES (473, "Commander", 53);
INSERT INTO models (id, name, manufacturerID) VALUES (474, "Compass", 53);
INSERT INTO models (id, name, manufacturerID) VALUES (475, "GrandCherokee", 53);
INSERT INTO models (id, name, manufacturerID) VALUES (476, "Patriot", 53);
INSERT INTO models (id, name, manufacturerID) VALUES (477, "Renegade", 53);
INSERT INTO models (id, name, manufacturerID) VALUES (478, "Wagoneer", 53);
INSERT INTO models (id, name, manufacturerID) VALUES (479, "Willys", 53);
INSERT INTO models (id, name, manufacturerID) VALUES (480, "Wrangler", 53);
INSERT INTO models (id, name, manufacturerID) VALUES (481, "Other", 53);
INSERT INTO models (id, name, manufacturerID) VALUES (482, "CT200h", 62);
INSERT INTO models (id, name, manufacturerID) VALUES (483, "ES300", 62);
INSERT INTO models (id, name, manufacturerID) VALUES (484, "ES330", 62);
INSERT INTO models (id, name, manufacturerID) VALUES (485, "ES350", 62);
INSERT INTO models (id, name, manufacturerID) VALUES (486, "GS250", 62);
INSERT INTO models (id, name, manufacturerID) VALUES (487, "GS300", 62);
INSERT INTO models (id, name, manufacturerID) VALUES (488, "GS350", 62);
INSERT INTO models (id, name, manufacturerID) VALUES (489, "GS430", 62);
INSERT INTO models (id, name, manufacturerID) VALUES (490, "GS450", 62);
INSERT INTO models (id, name, manufacturerID) VALUES (491, "GS460", 62);
INSERT INTO models (id, name, manufacturerID) VALUES (492, "GSF", 62);
INSERT INTO models (id, name, manufacturerID) VALUES (493, "GX470", 62);
INSERT INTO models (id, name, manufacturerID) VALUES (494, "IS200", 62);
INSERT INTO models (id, name, manufacturerID) VALUES (495, "IS220", 62);
INSERT INTO models (id, name, manufacturerID) VALUES (496, "IS250", 62);
INSERT INTO models (id, name, manufacturerID) VALUES (497, "IS300", 62);
INSERT INTO models (id, name, manufacturerID) VALUES (498, "IS350", 62);
INSERT INTO models (id, name, manufacturerID) VALUES (499, "IS-F", 62);
INSERT INTO models (id, name, manufacturerID) VALUES (500, "LC500", 62);
INSERT INTO models (id, name, manufacturerID) VALUES (501, "LC500h", 62);
INSERT INTO models (id, name, manufacturerID) VALUES (502, "LFA", 62);
INSERT INTO models (id, name, manufacturerID) VALUES (503, "LS400", 62);
INSERT INTO models (id, name, manufacturerID) VALUES (504, "LS430", 62);
INSERT INTO models (id, name, manufacturerID) VALUES (505, "LS460", 62);
INSERT INTO models (id, name, manufacturerID) VALUES (506, "LS500", 62);
INSERT INTO models (id, name, manufacturerID) VALUES (507, "LS600", 62);
INSERT INTO models (id, name, manufacturerID) VALUES (508, "LX470", 62);
INSERT INTO models (id, name, manufacturerID) VALUES (509, "LX570", 62);
INSERT INTO models (id, name, manufacturerID) VALUES (510, "NX200", 62);
INSERT INTO models (id, name, manufacturerID) VALUES (511, "NX300", 62);
INSERT INTO models (id, name, manufacturerID) VALUES (512, "RC200", 62);
INSERT INTO models (id, name, manufacturerID) VALUES (513, "RC300", 62);
INSERT INTO models (id, name, manufacturerID) VALUES (514, "RC350", 62);
INSERT INTO models (id, name, manufacturerID) VALUES (515, "RCF", 62);
INSERT INTO models (id, name, manufacturerID) VALUES (516, "RX200", 62);
INSERT INTO models (id, name, manufacturerID) VALUES (517, "RX300", 62);
INSERT INTO models (id, name, manufacturerID) VALUES (518, "RX330", 62);
INSERT INTO models (id, name, manufacturerID) VALUES (519, "RX350", 62);
INSERT INTO models (id, name, manufacturerID) VALUES (520, "RX400", 62);
INSERT INTO models (id, name, manufacturerID) VALUES (521, "RX450", 62);
INSERT INTO models (id, name, manufacturerID) VALUES (522, "SC400", 62);
INSERT INTO models (id, name, manufacturerID) VALUES (523, "SC430", 62);
INSERT INTO models (id, name, manufacturerID) VALUES (524, "UX", 62);
INSERT INTO models (id, name, manufacturerID) VALUES (525, "Other", 62);
INSERT INTO models (id, name, manufacturerID) VALUES (526, "121", 69);
INSERT INTO models (id, name, manufacturerID) VALUES (527, "2", 69);
INSERT INTO models (id, name, manufacturerID) VALUES (528, "3", 69);
INSERT INTO models (id, name, manufacturerID) VALUES (529, "323", 69);
INSERT INTO models (id, name, manufacturerID) VALUES (530, "5", 69);
INSERT INTO models (id, name, manufacturerID) VALUES (531, "6", 69);
INSERT INTO models (id, name, manufacturerID) VALUES (532, "626", 69);
INSERT INTO models (id, name, manufacturerID) VALUES (533, "929", 69);
INSERT INTO models (id, name, manufacturerID) VALUES (534, "Bongo", 69);
INSERT INTO models (id, name, manufacturerID) VALUES (535, "Bseries", 69);
INSERT INTO models (id, name, manufacturerID) VALUES (536, "BT-50", 69);
INSERT INTO models (id, name, manufacturerID) VALUES (537, "CX-3", 69);
INSERT INTO models (id, name, manufacturerID) VALUES (538, "CX-30", 69);
INSERT INTO models (id, name, manufacturerID) VALUES (539, "CX-5", 69);
INSERT INTO models (id, name, manufacturerID) VALUES (540, "CX-7", 69);
INSERT INTO models (id, name, manufacturerID) VALUES (541, "CX-9", 69);
INSERT INTO models (id, name, manufacturerID) VALUES (542, "Demio", 69);
INSERT INTO models (id, name, manufacturerID) VALUES (543, "Eseries", 69);
INSERT INTO models (id, name, manufacturerID) VALUES (544, "Millenia", 69);
INSERT INTO models (id, name, manufacturerID) VALUES (545, "MPV", 69);
INSERT INTO models (id, name, manufacturerID) VALUES (546, "MX-3", 69);
INSERT INTO models (id, name, manufacturerID) VALUES (547, "MX-5", 69);
INSERT INTO models (id, name, manufacturerID) VALUES (548, "MX-6", 69);
INSERT INTO models (id, name, manufacturerID) VALUES (549, "Premacy", 69);
INSERT INTO models (id, name, manufacturerID) VALUES (550, "Protege", 69);
INSERT INTO models (id, name, manufacturerID) VALUES (551, "RX-6", 69);
INSERT INTO models (id, name, manufacturerID) VALUES (552, "RX-7", 69);
INSERT INTO models (id, name, manufacturerID) VALUES (553, "RX-8", 69);
INSERT INTO models (id, name, manufacturerID) VALUES (554, "Tribute", 69);
INSERT INTO models (id, name, manufacturerID) VALUES (555, "Xedos", 69);
INSERT INTO models (id, name, manufacturerID) VALUES (556, "Other", 69);
INSERT INTO models (id, name, manufacturerID) VALUES (557, "190", 71);
INSERT INTO models (id, name, manufacturerID) VALUES (558, "200", 71);
INSERT INTO models (id, name, manufacturerID) VALUES (559, "220", 71);
INSERT INTO models (id, name, manufacturerID) VALUES (560, "230", 71);
INSERT INTO models (id, name, manufacturerID) VALUES (561, "240", 71);
INSERT INTO models (id, name, manufacturerID) VALUES (562, "250", 71);
INSERT INTO models (id, name, manufacturerID) VALUES (563, "260", 71);
INSERT INTO models (id, name, manufacturerID) VALUES (564, "270", 71);
INSERT INTO models (id, name, manufacturerID) VALUES (565, "280", 71);
INSERT INTO models (id, name, manufacturerID) VALUES (566, "290", 71);
INSERT INTO models (id, name, manufacturerID) VALUES (567, "300", 71);
INSERT INTO models (id, name, manufacturerID) VALUES (568, "320", 71);
INSERT INTO models (id, name, manufacturerID) VALUES (569, "350", 71);
INSERT INTO models (id, name, manufacturerID) VALUES (570, "380", 71);
INSERT INTO models (id, name, manufacturerID) VALUES (571, "400", 71);
INSERT INTO models (id, name, manufacturerID) VALUES (572, "416", 71);
INSERT INTO models (id, name, manufacturerID) VALUES (573, "420", 71);
INSERT INTO models (id, name, manufacturerID) VALUES (574, "450", 71);
INSERT INTO models (id, name, manufacturerID) VALUES (575, "500", 71);
INSERT INTO models (id, name, manufacturerID) VALUES (576, "560", 71);
INSERT INTO models (id, name, manufacturerID) VALUES (577, "600", 71);
INSERT INTO models (id, name, manufacturerID) VALUES (578, "A140", 71);
INSERT INTO models (id, name, manufacturerID) VALUES (579, "A150", 71);
INSERT INTO models (id, name, manufacturerID) VALUES (580, "A160", 71);
INSERT INTO models (id, name, manufacturerID) VALUES (581, "A170", 71);
INSERT INTO models (id, name, manufacturerID) VALUES (582, "A180", 71);
INSERT INTO models (id, name, manufacturerID) VALUES (583, "A190", 71);
INSERT INTO models (id, name, manufacturerID) VALUES (584, "A200", 71);
INSERT INTO models (id, name, manufacturerID) VALUES (585, "A210", 71);
INSERT INTO models (id, name, manufacturerID) VALUES (586, "A220", 71);
INSERT INTO models (id, name, manufacturerID) VALUES (587, "A250", 71);
INSERT INTO models (id, name, manufacturerID) VALUES (588, "A35AMG", 71);
INSERT INTO models (id, name, manufacturerID) VALUES (589, "A45AMG", 71);
INSERT INTO models (id, name, manufacturerID) VALUES (590, "B150", 71);
INSERT INTO models (id, name, manufacturerID) VALUES (591, "B160", 71);
INSERT INTO models (id, name, manufacturerID) VALUES (592, "B170", 71);
INSERT INTO models (id, name, manufacturerID) VALUES (593, "B180", 71);
INSERT INTO models (id, name, manufacturerID) VALUES (594, "B200", 71);
INSERT INTO models (id, name, manufacturerID) VALUES (595, "B220", 71);
INSERT INTO models (id, name, manufacturerID) VALUES (596, "B250", 71);
INSERT INTO models (id, name, manufacturerID) VALUES (597, "BElectricDrive", 71);
INSERT INTO models (id, name, manufacturerID) VALUES (598, "C160", 71);
INSERT INTO models (id, name, manufacturerID) VALUES (599, "C180", 71);
INSERT INTO models (id, name, manufacturerID) VALUES (600, "C200", 71);
INSERT INTO models (id, name, manufacturerID) VALUES (601, "C220", 71);
INSERT INTO models (id, name, manufacturerID) VALUES (602, "C230", 71);
INSERT INTO models (id, name, manufacturerID) VALUES (603, "C240", 71);
INSERT INTO models (id, name, manufacturerID) VALUES (604, "C250", 71);
INSERT INTO models (id, name, manufacturerID) VALUES (605, "C270", 71);
INSERT INTO models (id, name, manufacturerID) VALUES (606, "C280", 71);
INSERT INTO models (id, name, manufacturerID) VALUES (607, "C300", 71);
INSERT INTO models (id, name, manufacturerID) VALUES (608, "C30AMG", 71);
INSERT INTO models (id, name, manufacturerID) VALUES (609, "C320", 71);
INSERT INTO models (id, name, manufacturerID) VALUES (610, "C32AMG", 71);
INSERT INTO models (id, name, manufacturerID) VALUES (611, "C350", 71);
INSERT INTO models (id, name, manufacturerID) VALUES (612, "C36AMG", 71);
INSERT INTO models (id, name, manufacturerID) VALUES (613, "C400", 71);
INSERT INTO models (id, name, manufacturerID) VALUES (614, "C43AMG", 71);
INSERT INTO models (id, name, manufacturerID) VALUES (615, "C450AMG", 71);
INSERT INTO models (id, name, manufacturerID) VALUES (616, "C55AMG", 71);
INSERT INTO models (id, name, manufacturerID) VALUES (617, "C63AMG", 71);
INSERT INTO models (id, name, manufacturerID) VALUES (618, "CE200", 71);
INSERT INTO models (id, name, manufacturerID) VALUES (619, "CE220", 71);
INSERT INTO models (id, name, manufacturerID) VALUES (620, "CE230", 71);
INSERT INTO models (id, name, manufacturerID) VALUES (621, "CE280", 71);
INSERT INTO models (id, name, manufacturerID) VALUES (622, "CE300", 71);
INSERT INTO models (id, name, manufacturerID) VALUES (623, "CE320", 71);
INSERT INTO models (id, name, manufacturerID) VALUES (624, "Citan", 71);
INSERT INTO models (id, name, manufacturerID) VALUES (625, "CLA180", 71);
INSERT INTO models (id, name, manufacturerID) VALUES (626, "CLA180ShootingBrake", 71);
INSERT INTO models (id, name, manufacturerID) VALUES (627, "CLA200", 71);
INSERT INTO models (id, name, manufacturerID) VALUES (628, "CLA200ShootingBrake", 71);
INSERT INTO models (id, name, manufacturerID) VALUES (629, "CLA220", 71);
INSERT INTO models (id, name, manufacturerID) VALUES (630, "CLA220ShootingBrake", 71);
INSERT INTO models (id, name, manufacturerID) VALUES (631, "CLA250", 71);
INSERT INTO models (id, name, manufacturerID) VALUES (632, "CLA250ShootingBrake", 71);
INSERT INTO models (id, name, manufacturerID) VALUES (633, "CLA35AMG", 71);
INSERT INTO models (id, name, manufacturerID) VALUES (634, "CLA45AMG", 71);
INSERT INTO models (id, name, manufacturerID) VALUES (635, "CLA45AMGShootingBrake", 71);
INSERT INTO models (id, name, manufacturerID) VALUES (636, "CLAShootingBrake", 71);
INSERT INTO models (id, name, manufacturerID) VALUES (637, "CLC160", 71);
INSERT INTO models (id, name, manufacturerID) VALUES (638, "CLC180", 71);
INSERT INTO models (id, name, manufacturerID) VALUES (639, "CLC200", 71);
INSERT INTO models (id, name, manufacturerID) VALUES (640, "CLC220", 71);
INSERT INTO models (id, name, manufacturerID) VALUES (641, "CLC230", 71);
INSERT INTO models (id, name, manufacturerID) VALUES (642, "CLC250", 71);
INSERT INTO models (id, name, manufacturerID) VALUES (643, "CLC350", 71);
INSERT INTO models (id, name, manufacturerID) VALUES (644, "CL160", 71);
INSERT INTO models (id, name, manufacturerID) VALUES (645, "CL180", 71);
INSERT INTO models (id, name, manufacturerID) VALUES (646, "CL200", 71);
INSERT INTO models (id, name, manufacturerID) VALUES (647, "CL220", 71);
INSERT INTO models (id, name, manufacturerID) VALUES (648, "CL230", 71);
INSERT INTO models (id, name, manufacturerID) VALUES (649, "CL320", 71);
INSERT INTO models (id, name, manufacturerID) VALUES (650, "CL420", 71);
INSERT INTO models (id, name, manufacturerID) VALUES (651, "CL500", 71);
INSERT INTO models (id, name, manufacturerID) VALUES (652, "CL55AMG", 71);
INSERT INTO models (id, name, manufacturerID) VALUES (653, "CL600", 71);
INSERT INTO models (id, name, manufacturerID) VALUES (654, "CL63AMG", 71);
INSERT INTO models (id, name, manufacturerID) VALUES (655, "CL65AMG", 71);
INSERT INTO models (id, name, manufacturerID) VALUES (656, "CLK200", 71);
INSERT INTO models (id, name, manufacturerID) VALUES (657, "CLK220", 71);
INSERT INTO models (id, name, manufacturerID) VALUES (658, "CLK230", 71);
INSERT INTO models (id, name, manufacturerID) VALUES (659, "CLK240", 71);
INSERT INTO models (id, name, manufacturerID) VALUES (660, "CLK270", 71);
INSERT INTO models (id, name, manufacturerID) VALUES (661, "CLK280", 71);
INSERT INTO models (id, name, manufacturerID) VALUES (662, "CLK320", 71);
INSERT INTO models (id, name, manufacturerID) VALUES (663, "CLK350", 71);
INSERT INTO models (id, name, manufacturerID) VALUES (664, "CLK430", 71);
INSERT INTO models (id, name, manufacturerID) VALUES (665, "CLK500", 71);
INSERT INTO models (id, name, manufacturerID) VALUES (666, "CLK55AMG", 71);
INSERT INTO models (id, name, manufacturerID) VALUES (667, "CLK63AMG", 71);
INSERT INTO models (id, name, manufacturerID) VALUES (668, "CLS220", 71);
INSERT INTO models (id, name, manufacturerID) VALUES (669, "CLS220ShootingBrake", 71);
INSERT INTO models (id, name, manufacturerID) VALUES (670, "CLS250", 71);
INSERT INTO models (id, name, manufacturerID) VALUES (671, "CLS250ShootingBrake", 71);
INSERT INTO models (id, name, manufacturerID) VALUES (672, "CLS280", 71);
INSERT INTO models (id, name, manufacturerID) VALUES (673, "CLS300", 71);
INSERT INTO models (id, name, manufacturerID) VALUES (674, "CLS320", 71);
INSERT INTO models (id, name, manufacturerID) VALUES (675, "CLS350", 71);
INSERT INTO models (id, name, manufacturerID) VALUES (676, "CLS350ShootingBrake", 71);
INSERT INTO models (id, name, manufacturerID) VALUES (677, "CLS400", 71);
INSERT INTO models (id, name, manufacturerID) VALUES (678, "CLS400ShootingBrake", 71);
INSERT INTO models (id, name, manufacturerID) VALUES (679, "CLS450", 71);
INSERT INTO models (id, name, manufacturerID) VALUES (680, "CLS500", 71);
INSERT INTO models (id, name, manufacturerID) VALUES (681, "CLS500ShootingBrake", 71);
INSERT INTO models (id, name, manufacturerID) VALUES (682, "CLS53AMG", 71);
INSERT INTO models (id, name, manufacturerID) VALUES (683, "CLS55AMG", 71);
INSERT INTO models (id, name, manufacturerID) VALUES (684, "CLS63AMG", 71);
INSERT INTO models (id, name, manufacturerID) VALUES (685, "CLS63AMGShootingBrake", 71);
INSERT INTO models (id, name, manufacturerID) VALUES (686, "CLSShootingBrake", 71);
INSERT INTO models (id, name, manufacturerID) VALUES (687, "E200", 71);
INSERT INTO models (id, name, manufacturerID) VALUES (688, "E220", 71);
INSERT INTO models (id, name, manufacturerID) VALUES (689, "E230", 71);
INSERT INTO models (id, name, manufacturerID) VALUES (690, "E240", 71);
INSERT INTO models (id, name, manufacturerID) VALUES (691, "E250", 71);
INSERT INTO models (id, name, manufacturerID) VALUES (692, "E260", 71);
INSERT INTO models (id, name, manufacturerID) VALUES (693, "E270", 71);
INSERT INTO models (id, name, manufacturerID) VALUES (694, "E280", 71);
INSERT INTO models (id, name, manufacturerID) VALUES (695, "E290", 71);
INSERT INTO models (id, name, manufacturerID) VALUES (696, "E300", 71);
INSERT INTO models (id, name, manufacturerID) VALUES (697, "E320", 71);
INSERT INTO models (id, name, manufacturerID) VALUES (698, "E350", 71);
INSERT INTO models (id, name, manufacturerID) VALUES (699, "E36AMG", 71);
INSERT INTO models (id, name, manufacturerID) VALUES (700, "E400", 71);
INSERT INTO models (id, name, manufacturerID) VALUES (701, "E420", 71);
INSERT INTO models (id, name, manufacturerID) VALUES (702, "E430", 71);
INSERT INTO models (id, name, manufacturerID) VALUES (703, "E43AMG", 71);
INSERT INTO models (id, name, manufacturerID) VALUES (704, "E450", 71);
INSERT INTO models (id, name, manufacturerID) VALUES (705, "E50", 71);
INSERT INTO models (id, name, manufacturerID) VALUES (706, "E500", 71);
INSERT INTO models (id, name, manufacturerID) VALUES (707, "E53AMG", 71);
INSERT INTO models (id, name, manufacturerID) VALUES (708, "E55AMG", 71);
INSERT INTO models (id, name, manufacturerID) VALUES (709, "E60AMG", 71);
INSERT INTO models (id, name, manufacturerID) VALUES (710, "E63AMG", 71);
INSERT INTO models (id, name, manufacturerID) VALUES (711, "EQC", 71);
INSERT INTO models (id, name, manufacturerID) VALUES (712, "G230", 71);
INSERT INTO models (id, name, manufacturerID) VALUES (713, "G240", 71);
INSERT INTO models (id, name, manufacturerID) VALUES (714, "G250", 71);
INSERT INTO models (id, name, manufacturerID) VALUES (715, "G270", 71);
INSERT INTO models (id, name, manufacturerID) VALUES (716, "G280", 71);
INSERT INTO models (id, name, manufacturerID) VALUES (717, "G290", 71);
INSERT INTO models (id, name, manufacturerID) VALUES (718, "G300", 71);
INSERT INTO models (id, name, manufacturerID) VALUES (719, "G320", 71);
INSERT INTO models (id, name, manufacturerID) VALUES (720, "G350", 71);
INSERT INTO models (id, name, manufacturerID) VALUES (721, "G400", 71);
INSERT INTO models (id, name, manufacturerID) VALUES (722, "G500", 71);
INSERT INTO models (id, name, manufacturerID) VALUES (723, "G55AMG", 71);
INSERT INTO models (id, name, manufacturerID) VALUES (724, "G63AMG", 71);
INSERT INTO models (id, name, manufacturerID) VALUES (725, "G65AMG", 71);
INSERT INTO models (id, name, manufacturerID) VALUES (726, "GLA180", 71);
INSERT INTO models (id, name, manufacturerID) VALUES (727, "GLA200", 71);
INSERT INTO models (id, name, manufacturerID) VALUES (728, "GLA220", 71);
INSERT INTO models (id, name, manufacturerID) VALUES (729, "GLA250", 71);
INSERT INTO models (id, name, manufacturerID) VALUES (730, "GLA45AMG", 71);
INSERT INTO models (id, name, manufacturerID) VALUES (731, "GLB180", 71);
INSERT INTO models (id, name, manufacturerID) VALUES (732, "GLB200", 71);
INSERT INTO models (id, name, manufacturerID) VALUES (733, "GLB220", 71);
INSERT INTO models (id, name, manufacturerID) VALUES (734, "GLB250", 71);
INSERT INTO models (id, name, manufacturerID) VALUES (735, "GLC200", 71);
INSERT INTO models (id, name, manufacturerID) VALUES (736, "GLC220", 71);
INSERT INTO models (id, name, manufacturerID) VALUES (737, "GLC250", 71);
INSERT INTO models (id, name, manufacturerID) VALUES (738, "GLC300", 71);
INSERT INTO models (id, name, manufacturerID) VALUES (739, "GLC350", 71);
INSERT INTO models (id, name, manufacturerID) VALUES (740, "GLC400", 71);
INSERT INTO models (id, name, manufacturerID) VALUES (741, "GLC43AMG", 71);
INSERT INTO models (id, name, manufacturerID) VALUES (742, "GLC63AMG", 71);
INSERT INTO models (id, name, manufacturerID) VALUES (743, "GL320", 71);
INSERT INTO models (id, name, manufacturerID) VALUES (744, "GL350", 71);
INSERT INTO models (id, name, manufacturerID) VALUES (745, "GL400", 71);
INSERT INTO models (id, name, manufacturerID) VALUES (746, "GL420", 71);
INSERT INTO models (id, name, manufacturerID) VALUES (747, "GL450", 71);
INSERT INTO models (id, name, manufacturerID) VALUES (748, "GL500", 71);
INSERT INTO models (id, name, manufacturerID) VALUES (749, "GL55AMG", 71);
INSERT INTO models (id, name, manufacturerID) VALUES (750, "GL63AMG", 71);
INSERT INTO models (id, name, manufacturerID) VALUES (751, "GLE250", 71);
INSERT INTO models (id, name, manufacturerID) VALUES (752, "GLE300", 71);
INSERT INTO models (id, name, manufacturerID) VALUES (753, "GLE350", 71);
INSERT INTO models (id, name, manufacturerID) VALUES (754, "GLE400", 71);
INSERT INTO models (id, name, manufacturerID) VALUES (755, "GLE43AMG", 71);
INSERT INTO models (id, name, manufacturerID) VALUES (756, "GLE450", 71);
INSERT INTO models (id, name, manufacturerID) VALUES (757, "GLE500", 71);
INSERT INTO models (id, name, manufacturerID) VALUES (758, "GLE53AMG", 71);
INSERT INTO models (id, name, manufacturerID) VALUES (759, "GLE63AMG", 71);
INSERT INTO models (id, name, manufacturerID) VALUES (760, "GLK200", 71);
INSERT INTO models (id, name, manufacturerID) VALUES (761, "GLK220", 71);
INSERT INTO models (id, name, manufacturerID) VALUES (762, "GLK250", 71);
INSERT INTO models (id, name, manufacturerID) VALUES (763, "GLK280", 71);
INSERT INTO models (id, name, manufacturerID) VALUES (764, "GLK300", 71);
INSERT INTO models (id, name, manufacturerID) VALUES (765, "GLK320", 71);
INSERT INTO models (id, name, manufacturerID) VALUES (766, "GLK350", 71);
INSERT INTO models (id, name, manufacturerID) VALUES (767, "GLS350", 71);
INSERT INTO models (id, name, manufacturerID) VALUES (768, "GLS400", 71);
INSERT INTO models (id, name, manufacturerID) VALUES (769, "GLS500", 71);
INSERT INTO models (id, name, manufacturerID) VALUES (770, "GLS63", 71);
INSERT INTO models (id, name, manufacturerID) VALUES (771, "AMGGT", 71);
INSERT INTO models (id, name, manufacturerID) VALUES (772, "AMGGTC", 71);
INSERT INTO models (id, name, manufacturerID) VALUES (773, "AMGGTR", 71);
INSERT INTO models (id, name, manufacturerID) VALUES (774, "AMGGTS", 71);
INSERT INTO models (id, name, manufacturerID) VALUES (775, "MB100", 71);
INSERT INTO models (id, name, manufacturerID) VALUES (776, "ML230", 71);
INSERT INTO models (id, name, manufacturerID) VALUES (777, "ML250", 71);
INSERT INTO models (id, name, manufacturerID) VALUES (778, "ML270", 71);
INSERT INTO models (id, name, manufacturerID) VALUES (779, "ML280", 71);
INSERT INTO models (id, name, manufacturerID) VALUES (780, "ML300", 71);
INSERT INTO models (id, name, manufacturerID) VALUES (781, "ML320", 71);
INSERT INTO models (id, name, manufacturerID) VALUES (782, "ML350", 71);
INSERT INTO models (id, name, manufacturerID) VALUES (783, "ML400", 71);
INSERT INTO models (id, name, manufacturerID) VALUES (784, "ML420", 71);
INSERT INTO models (id, name, manufacturerID) VALUES (785, "ML430", 71);
INSERT INTO models (id, name, manufacturerID) VALUES (786, "ML450", 71);
INSERT INTO models (id, name, manufacturerID) VALUES (787, "ML500", 71);
INSERT INTO models (id, name, manufacturerID) VALUES (788, "ML55AMG", 71);
INSERT INTO models (id, name, manufacturerID) VALUES (789, "ML63AMG", 71);
INSERT INTO models (id, name, manufacturerID) VALUES (790, "R280", 71);
INSERT INTO models (id, name, manufacturerID) VALUES (791, "R300", 71);
INSERT INTO models (id, name, manufacturerID) VALUES (792, "R320", 71);
INSERT INTO models (id, name, manufacturerID) VALUES (793, "R350", 71);
INSERT INTO models (id, name, manufacturerID) VALUES (794, "R500", 71);
INSERT INTO models (id, name, manufacturerID) VALUES (795, "R63AMG", 71);
INSERT INTO models (id, name, manufacturerID) VALUES (796, "S250", 71);
INSERT INTO models (id, name, manufacturerID) VALUES (797, "S260", 71);
INSERT INTO models (id, name, manufacturerID) VALUES (798, "S280", 71);
INSERT INTO models (id, name, manufacturerID) VALUES (799, "S300", 71);
INSERT INTO models (id, name, manufacturerID) VALUES (800, "S320", 71);
INSERT INTO models (id, name, manufacturerID) VALUES (801, "S350", 71);
INSERT INTO models (id, name, manufacturerID) VALUES (802, "S400", 71);
INSERT INTO models (id, name, manufacturerID) VALUES (803, "S420", 71);
INSERT INTO models (id, name, manufacturerID) VALUES (804, "S430", 71);
INSERT INTO models (id, name, manufacturerID) VALUES (805, "S450", 71);
INSERT INTO models (id, name, manufacturerID) VALUES (806, "S500", 71);
INSERT INTO models (id, name, manufacturerID) VALUES (807, "S55", 71);
INSERT INTO models (id, name, manufacturerID) VALUES (808, "S550", 71);
INSERT INTO models (id, name, manufacturerID) VALUES (809, "S560", 71);
INSERT INTO models (id, name, manufacturerID) VALUES (810, "S600", 71);
INSERT INTO models (id, name, manufacturerID) VALUES (811, "S63AMG", 71);
INSERT INTO models (id, name, manufacturerID) VALUES (812, "S650", 71);
INSERT INTO models (id, name, manufacturerID) VALUES (813, "S65AMG", 71);
INSERT INTO models (id, name, manufacturerID) VALUES (814, "SLC180", 71);
INSERT INTO models (id, name, manufacturerID) VALUES (815, "SLC200", 71);
INSERT INTO models (id, name, manufacturerID) VALUES (816, "SLC250", 71);
INSERT INTO models (id, name, manufacturerID) VALUES (817, "SLC280", 71);
INSERT INTO models (id, name, manufacturerID) VALUES (818, "SLC300", 71);
INSERT INTO models (id, name, manufacturerID) VALUES (819, "SLC43AMG", 71);
INSERT INTO models (id, name, manufacturerID) VALUES (820, "SL280", 71);
INSERT INTO models (id, name, manufacturerID) VALUES (821, "SL300", 71);
INSERT INTO models (id, name, manufacturerID) VALUES (822, "SL320", 71);
INSERT INTO models (id, name, manufacturerID) VALUES (823, "SL350", 71);
INSERT INTO models (id, name, manufacturerID) VALUES (824, "SL380", 71);
INSERT INTO models (id, name, manufacturerID) VALUES (825, "SL400", 71);
INSERT INTO models (id, name, manufacturerID) VALUES (826, "SL420", 71);
INSERT INTO models (id, name, manufacturerID) VALUES (827, "SL450", 71);
INSERT INTO models (id, name, manufacturerID) VALUES (828, "SL500", 71);
INSERT INTO models (id, name, manufacturerID) VALUES (829, "SL55AMG", 71);
INSERT INTO models (id, name, manufacturerID) VALUES (830, "SL560", 71);
INSERT INTO models (id, name, manufacturerID) VALUES (831, "SL600", 71);
INSERT INTO models (id, name, manufacturerID) VALUES (832, "SL60AMG", 71);
INSERT INTO models (id, name, manufacturerID) VALUES (833, "SL63AMG", 71);
INSERT INTO models (id, name, manufacturerID) VALUES (834, "SL65AMG", 71);
INSERT INTO models (id, name, manufacturerID) VALUES (835, "SL70AMG", 71);
INSERT INTO models (id, name, manufacturerID) VALUES (836, "SL73AMG", 71);
INSERT INTO models (id, name, manufacturerID) VALUES (837, "SLK200", 71);
INSERT INTO models (id, name, manufacturerID) VALUES (838, "SLK230", 71);
INSERT INTO models (id, name, manufacturerID) VALUES (839, "SLK250", 71);
INSERT INTO models (id, name, manufacturerID) VALUES (840, "SLK280", 71);
INSERT INTO models (id, name, manufacturerID) VALUES (841, "SLK300", 71);
INSERT INTO models (id, name, manufacturerID) VALUES (842, "SLK320", 71);
INSERT INTO models (id, name, manufacturerID) VALUES (843, "SLK32AMG", 71);
INSERT INTO models (id, name, manufacturerID) VALUES (844, "SLK350", 71);
INSERT INTO models (id, name, manufacturerID) VALUES (845, "SLK55AMG", 71);
INSERT INTO models (id, name, manufacturerID) VALUES (846, "SLR", 71);
INSERT INTO models (id, name, manufacturerID) VALUES (847, "SLSAMG", 71);
INSERT INTO models (id, name, manufacturerID) VALUES (848, "Sprinter", 71);
INSERT INTO models (id, name, manufacturerID) VALUES (849, "Vaneo", 71);
INSERT INTO models (id, name, manufacturerID) VALUES (850, "Vario", 71);
INSERT INTO models (id, name, manufacturerID) VALUES (851, "V200", 71);
INSERT INTO models (id, name, manufacturerID) VALUES (852, "V220", 71);
INSERT INTO models (id, name, manufacturerID) VALUES (853, "V230", 71);
INSERT INTO models (id, name, manufacturerID) VALUES (854, "V250", 71);
INSERT INTO models (id, name, manufacturerID) VALUES (855, "V280", 71);
INSERT INTO models (id, name, manufacturerID) VALUES (856, "V300", 71);
INSERT INTO models (id, name, manufacturerID) VALUES (857, "Viano", 71);
INSERT INTO models (id, name, manufacturerID) VALUES (858, "Vito", 71);
INSERT INTO models (id, name, manufacturerID) VALUES (859, "X220", 71);
INSERT INTO models (id, name, manufacturerID) VALUES (860, "X250", 71);
INSERT INTO models (id, name, manufacturerID) VALUES (861, "X350", 71);
INSERT INTO models (id, name, manufacturerID) VALUES (862, "Other", 71);
INSERT INTO models (id, name, manufacturerID) VALUES (863, "3000GT", 75);
INSERT INTO models (id, name, manufacturerID) VALUES (864, "ASX", 75);
INSERT INTO models (id, name, manufacturerID) VALUES (865, "Canter", 75);
INSERT INTO models (id, name, manufacturerID) VALUES (866, "Carisma", 75);
INSERT INTO models (id, name, manufacturerID) VALUES (867, "Colt", 75);
INSERT INTO models (id, name, manufacturerID) VALUES (868, "Cordia", 75);
INSERT INTO models (id, name, manufacturerID) VALUES (869, "Cosmos", 75);
INSERT INTO models (id, name, manufacturerID) VALUES (870, "Diamante", 75);
INSERT INTO models (id, name, manufacturerID) VALUES (871, "Eclipse", 75);
INSERT INTO models (id, name, manufacturerID) VALUES (872, "EclipseCross", 75);
INSERT INTO models (id, name, manufacturerID) VALUES (873, "Galant", 75);
INSERT INTO models (id, name, manufacturerID) VALUES (874, "Galloper", 75);
INSERT INTO models (id, name, manufacturerID) VALUES (875, "Grandis", 75);
INSERT INTO models (id, name, manufacturerID) VALUES (876, "i-MiEV", 75);
INSERT INTO models (id, name, manufacturerID) VALUES (877, "L200", 75);
INSERT INTO models (id, name, manufacturerID) VALUES (878, "L300", 75);
INSERT INTO models (id, name, manufacturerID) VALUES (879, "L400", 75);
INSERT INTO models (id, name, manufacturerID) VALUES (880, "Lancer", 75);
INSERT INTO models (id, name, manufacturerID) VALUES (881, "Mirage", 75);
INSERT INTO models (id, name, manufacturerID) VALUES (882, "Montero", 75);
INSERT INTO models (id, name, manufacturerID) VALUES (883, "Outlander", 75);
INSERT INTO models (id, name, manufacturerID) VALUES (884, "Pajero", 75);
INSERT INTO models (id, name, manufacturerID) VALUES (885, "PajeroPinin", 75);
INSERT INTO models (id, name, manufacturerID) VALUES (886, "Pick-up", 75);
INSERT INTO models (id, name, manufacturerID) VALUES (887, "Plug-inHybridOutlander", 75);
INSERT INTO models (id, name, manufacturerID) VALUES (888, "Santamo", 75);
INSERT INTO models (id, name, manufacturerID) VALUES (889, "Sapporo", 75);
INSERT INTO models (id, name, manufacturerID) VALUES (890, "Sigma", 75);
INSERT INTO models (id, name, manufacturerID) VALUES (891, "SpaceGear", 75);
INSERT INTO models (id, name, manufacturerID) VALUES (892, "SpaceRunner", 75);
INSERT INTO models (id, name, manufacturerID) VALUES (893, "SpaceStar", 75);
INSERT INTO models (id, name, manufacturerID) VALUES (894, "SpaceWagon", 75);
INSERT INTO models (id, name, manufacturerID) VALUES (895, "Starion", 75);
INSERT INTO models (id, name, manufacturerID) VALUES (896, "Tredia", 75);
INSERT INTO models (id, name, manufacturerID) VALUES (897, "Other", 75);
INSERT INTO models (id, name, manufacturerID) VALUES (898, "100NX", 77);
INSERT INTO models (id, name, manufacturerID) VALUES (899, "200SX", 77);
INSERT INTO models (id, name, manufacturerID) VALUES (900, "240SX", 77);
INSERT INTO models (id, name, manufacturerID) VALUES (901, "280ZX", 77);
INSERT INTO models (id, name, manufacturerID) VALUES (902, "300ZX", 77);
INSERT INTO models (id, name, manufacturerID) VALUES (903, "350Z", 77);
INSERT INTO models (id, name, manufacturerID) VALUES (904, "370Z", 77);
INSERT INTO models (id, name, manufacturerID) VALUES (905, "Almera", 77);
INSERT INTO models (id, name, manufacturerID) VALUES (906, "AlmeraTino", 77);
INSERT INTO models (id, name, manufacturerID) VALUES (907, "Altima", 77);
INSERT INTO models (id, name, manufacturerID) VALUES (908, "Armada", 77);
INSERT INTO models (id, name, manufacturerID) VALUES (909, "Bluebird", 77);
INSERT INTO models (id, name, manufacturerID) VALUES (910, "Cabstar", 77);
INSERT INTO models (id, name, manufacturerID) VALUES (911, "Cargo", 77);
INSERT INTO models (id, name, manufacturerID) VALUES (912, "Cherry", 77);
INSERT INTO models (id, name, manufacturerID) VALUES (913, "Cube", 77);
INSERT INTO models (id, name, manufacturerID) VALUES (914, "e-NV200", 77);
INSERT INTO models (id, name, manufacturerID) VALUES (915, "Evalia", 77);
INSERT INTO models (id, name, manufacturerID) VALUES (916, "Frontier", 77);
INSERT INTO models (id, name, manufacturerID) VALUES (917, "GT-R", 77);
INSERT INTO models (id, name, manufacturerID) VALUES (918, "Interstar", 77);
INSERT INTO models (id, name, manufacturerID) VALUES (919, "Juke", 77);
INSERT INTO models (id, name, manufacturerID) VALUES (920, "KingCab", 77);
INSERT INTO models (id, name, manufacturerID) VALUES (921, "Kubistar", 77);
INSERT INTO models (id, name, manufacturerID) VALUES (922, "Laurel", 77);
INSERT INTO models (id, name, manufacturerID) VALUES (923, "Leaf", 77);
INSERT INTO models (id, name, manufacturerID) VALUES (924, "Maxima", 77);
INSERT INTO models (id, name, manufacturerID) VALUES (925, "Micra", 77);
INSERT INTO models (id, name, manufacturerID) VALUES (926, "Murano", 77);
INSERT INTO models (id, name, manufacturerID) VALUES (927, "Navara", 77);
INSERT INTO models (id, name, manufacturerID) VALUES (928, "Note", 77);
INSERT INTO models (id, name, manufacturerID) VALUES (929, "NP300", 77);
INSERT INTO models (id, name, manufacturerID) VALUES (930, "NV200", 77);
INSERT INTO models (id, name, manufacturerID) VALUES (931, "NV250", 77);
INSERT INTO models (id, name, manufacturerID) VALUES (932, "NV300", 77);
INSERT INTO models (id, name, manufacturerID) VALUES (933, "NV400", 77);
INSERT INTO models (id, name, manufacturerID) VALUES (934, "Pathfinder", 77);
INSERT INTO models (id, name, manufacturerID) VALUES (935, "Patrol", 77);
INSERT INTO models (id, name, manufacturerID) VALUES (936, "PickUp", 77);
INSERT INTO models (id, name, manufacturerID) VALUES (937, "Pixo", 77);
INSERT INTO models (id, name, manufacturerID) VALUES (938, "Prairie", 77);
INSERT INTO models (id, name, manufacturerID) VALUES (939, "Primastar", 77);
INSERT INTO models (id, name, manufacturerID) VALUES (940, "Primera", 77);
INSERT INTO models (id, name, manufacturerID) VALUES (941, "Pulsar", 77);
INSERT INTO models (id, name, manufacturerID) VALUES (942, "Qashqai", 77);
INSERT INTO models (id, name, manufacturerID) VALUES (943, "Qashqai+2", 77);
INSERT INTO models (id, name, manufacturerID) VALUES (944, "Quest", 77);
INSERT INTO models (id, name, manufacturerID) VALUES (945, "Sentra", 77);
INSERT INTO models (id, name, manufacturerID) VALUES (946, "Serena", 77);
INSERT INTO models (id, name, manufacturerID) VALUES (947, "Silvia", 77);
INSERT INTO models (id, name, manufacturerID) VALUES (948, "Skyline", 77);
INSERT INTO models (id, name, manufacturerID) VALUES (949, "Sunny", 77);
INSERT INTO models (id, name, manufacturerID) VALUES (950, "Terrano", 77);
INSERT INTO models (id, name, manufacturerID) VALUES (951, "Tiida", 77);
INSERT INTO models (id, name, manufacturerID) VALUES (952, "Titan", 77);
INSERT INTO models (id, name, manufacturerID) VALUES (953, "Trade", 77);
INSERT INTO models (id, name, manufacturerID) VALUES (954, "Urvan", 77);
INSERT INTO models (id, name, manufacturerID) VALUES (955, "Vanette", 77);
INSERT INTO models (id, name, manufacturerID) VALUES (956, "X-Trail", 77);
INSERT INTO models (id, name, manufacturerID) VALUES (957, "Other", 77);
INSERT INTO models (id, name, manufacturerID) VALUES (1007, "Prowler", 84);
INSERT INTO models (id, name, manufacturerID) VALUES (1008, "Other", 84);
INSERT INTO models (id, name, manufacturerID) VALUES (1009, "90", 93);
INSERT INTO models (id, name, manufacturerID) VALUES (1010, "900", 93);
INSERT INTO models (id, name, manufacturerID) VALUES (1011, "9000", 93);
INSERT INTO models (id, name, manufacturerID) VALUES (1012, "44077", 93);
INSERT INTO models (id, name, manufacturerID) VALUES (1013, "9-4X", 93);
INSERT INTO models (id, name, manufacturerID) VALUES (1014, "44079", 93);
INSERT INTO models (id, name, manufacturerID) VALUES (1015, "96", 93);
INSERT INTO models (id, name, manufacturerID) VALUES (1016, "9-7X", 93);
INSERT INTO models (id, name, manufacturerID) VALUES (1017, "99", 93);
INSERT INTO models (id, name, manufacturerID) VALUES (1018, "Other", 93);
INSERT INTO models (id, name, manufacturerID) VALUES (1023, "Alto", 102);
INSERT INTO models (id, name, manufacturerID) VALUES (1024, "Baleno", 102);
INSERT INTO models (id, name, manufacturerID) VALUES (1025, "Cappuccino", 102);
INSERT INTO models (id, name, manufacturerID) VALUES (1026, "Carry", 102);
INSERT INTO models (id, name, manufacturerID) VALUES (1027, "Celerio", 102);
INSERT INTO models (id, name, manufacturerID) VALUES (1028, "GrandVitara", 102);
INSERT INTO models (id, name, manufacturerID) VALUES (1029, "Ignis", 102);
INSERT INTO models (id, name, manufacturerID) VALUES (1030, "iK-2", 102);
INSERT INTO models (id, name, manufacturerID) VALUES (1031, "Jimny", 102);
INSERT INTO models (id, name, manufacturerID) VALUES (1032, "Kizashi", 102);
INSERT INTO models (id, name, manufacturerID) VALUES (1033, "Liana", 102);
INSERT INTO models (id, name, manufacturerID) VALUES (1034, "LJ", 102);
INSERT INTO models (id, name, manufacturerID) VALUES (1035, "Samurai", 102);
INSERT INTO models (id, name, manufacturerID) VALUES (1036, "Splash", 102);
INSERT INTO models (id, name, manufacturerID) VALUES (1037, "Super-Carry", 102);
INSERT INTO models (id, name, manufacturerID) VALUES (1038, "Swift", 102);
INSERT INTO models (id, name, manufacturerID) VALUES (1039, "SX4", 102);
INSERT INTO models (id, name, manufacturerID) VALUES (1040, "SX4S-Cross", 102);
INSERT INTO models (id, name, manufacturerID) VALUES (1041, "Vitara", 102);
INSERT INTO models (id, name, manufacturerID) VALUES (1042, "WagonR+", 102);
INSERT INTO models (id, name, manufacturerID) VALUES (1043, "X-90", 102);
INSERT INTO models (id, name, manufacturerID) VALUES (1044, "Other", 102);
INSERT INTO models (id, name, manufacturerID) VALUES (1045, "181", 111);
INSERT INTO models (id, name, manufacturerID) VALUES (1046, "Amarok", 111);
INSERT INTO models (id, name, manufacturerID) VALUES (1047, "Arteon", 111);
INSERT INTO models (id, name, manufacturerID) VALUES (1048, "Beetle", 111);
INSERT INTO models (id, name, manufacturerID) VALUES (1049, "Beetle", 111);
INSERT INTO models (id, name, manufacturerID) VALUES (1050, "Bora", 111);
INSERT INTO models (id, name, manufacturerID) VALUES (1051, "Buggy", 111);
INSERT INTO models (id, name, manufacturerID) VALUES (1052, "Caddy", 111);
INSERT INTO models (id, name, manufacturerID) VALUES (1053, "CC", 111);
INSERT INTO models (id, name, manufacturerID) VALUES (1054, "Corrado", 111);
INSERT INTO models (id, name, manufacturerID) VALUES (1055, "Crafter", 111);
INSERT INTO models (id, name, manufacturerID) VALUES (1056, "Eos", 111);
INSERT INTO models (id, name, manufacturerID) VALUES (1057, "Fox", 111);
INSERT INTO models (id, name, manufacturerID) VALUES (1058, "Golf", 111);
INSERT INTO models (id, name, manufacturerID) VALUES (1059, "GolfPlus", 111);
INSERT INTO models (id, name, manufacturerID) VALUES (1060, "GolfSportsvan", 111);
INSERT INTO models (id, name, manufacturerID) VALUES (1061, "Iltis", 111);
INSERT INTO models (id, name, manufacturerID) VALUES (1062, "Jetta", 111);
INSERT INTO models (id, name, manufacturerID) VALUES (1063, "KarmannGhia", 111);
INSERT INTO models (id, name, manufacturerID) VALUES (1064, "LT", 111);
INSERT INTO models (id, name, manufacturerID) VALUES (1065, "Lupo", 111);
INSERT INTO models (id, name, manufacturerID) VALUES (1066, "NewBeetle", 111);
INSERT INTO models (id, name, manufacturerID) VALUES (1067, "Passat", 111);
INSERT INTO models (id, name, manufacturerID) VALUES (1068, "PassatAlltrack", 111);
INSERT INTO models (id, name, manufacturerID) VALUES (1069, "PassatCC", 111);
INSERT INTO models (id, name, manufacturerID) VALUES (1070, "PassatVariant", 111);
INSERT INTO models (id, name, manufacturerID) VALUES (1071, "Phaeton", 111);
INSERT INTO models (id, name, manufacturerID) VALUES (1072, "Polo", 111);
INSERT INTO models (id, name, manufacturerID) VALUES (1073, "Routan", 111);
INSERT INTO models (id, name, manufacturerID) VALUES (1074, "Santana", 111);
INSERT INTO models (id, name, manufacturerID) VALUES (1075, "Scirocco", 111);
INSERT INTO models (id, name, manufacturerID) VALUES (1076, "Sharan", 111);
INSERT INTO models (id, name, manufacturerID) VALUES (1077, "T1", 111);
INSERT INTO models (id, name, manufacturerID) VALUES (1078, "T2", 111);
INSERT INTO models (id, name, manufacturerID) VALUES (1079, "T3Caravelle", 111);
INSERT INTO models (id, name, manufacturerID) VALUES (1080, "T3Kombi", 111);
INSERT INTO models (id, name, manufacturerID) VALUES (1081, "T3Multivan", 111);
INSERT INTO models (id, name, manufacturerID) VALUES (1082, "T3other", 111);
INSERT INTO models (id, name, manufacturerID) VALUES (1083, "T4California", 111);
INSERT INTO models (id, name, manufacturerID) VALUES (1084, "T4Caravelle", 111);
INSERT INTO models (id, name, manufacturerID) VALUES (1085, "T4Kombi", 111);
INSERT INTO models (id, name, manufacturerID) VALUES (1086, "T4Multivan", 111);
INSERT INTO models (id, name, manufacturerID) VALUES (1087, "T4other", 111);
INSERT INTO models (id, name, manufacturerID) VALUES (1088, "T5California", 111);
INSERT INTO models (id, name, manufacturerID) VALUES (1089, "T5Caravelle", 111);
INSERT INTO models (id, name, manufacturerID) VALUES (1090, "T5Kombi", 111);
INSERT INTO models (id, name, manufacturerID) VALUES (1091, "T5Multivan", 111);
INSERT INTO models (id, name, manufacturerID) VALUES (1092, "T5other", 111);
INSERT INTO models (id, name, manufacturerID) VALUES (1093, "T5Shuttle", 111);
INSERT INTO models (id, name, manufacturerID) VALUES (1094, "T5Transporter", 111);
INSERT INTO models (id, name, manufacturerID) VALUES (1095, "T6California", 111);
INSERT INTO models (id, name, manufacturerID) VALUES (1096, "T6Caravelle", 111);
INSERT INTO models (id, name, manufacturerID) VALUES (1097, "T6Kombi", 111);
INSERT INTO models (id, name, manufacturerID) VALUES (1098, "T6Multivan", 111);
INSERT INTO models (id, name, manufacturerID) VALUES (1099, "T6other", 111);
INSERT INTO models (id, name, manufacturerID) VALUES (1100, "T6Transporter", 111);
INSERT INTO models (id, name, manufacturerID) VALUES (1101, "Taro", 111);
INSERT INTO models (id, name, manufacturerID) VALUES (1102, "T-Cross", 111);
INSERT INTO models (id, name, manufacturerID) VALUES (1103, "Tiguan", 111);
INSERT INTO models (id, name, manufacturerID) VALUES (1104, "TiguanAllspace", 111);
INSERT INTO models (id, name, manufacturerID) VALUES (1105, "Touareg", 111);
INSERT INTO models (id, name, manufacturerID) VALUES (1106, "Touran", 111);
INSERT INTO models (id, name, manufacturerID) VALUES (1107, "T-Roc", 111);
INSERT INTO models (id, name, manufacturerID) VALUES (1108, "up!", 111);
INSERT INTO models (id, name, manufacturerID) VALUES (1109, "Vento", 111);
INSERT INTO models (id, name, manufacturerID) VALUES (1110, "XL1", 111);
INSERT INTO models (id, name, manufacturerID) VALUES (1111, "Other", 111);
INSERT INTO models (id, name, manufacturerID) VALUES (1112, "Other", 116);

INSERT INTO ownedVehicles (id, modelID, year, currentVehicle, repurchase) VALUES (1, 320, 1976, "no", "yes");
INSERT INTO ownedVehicles (id, modelID, year, currentVehicle, repurchase) VALUES (2, 1008, 1973, "no", "no");
INSERT INTO ownedVehicles (id, modelID, year, currentVehicle, repurchase) VALUES (3, 941, 1984, "no", "no");
INSERT INTO ownedVehicles (id, modelID, year, currentVehicle, repurchase) VALUES (4, 1035, 1985, "no", "no");
INSERT INTO ownedVehicles (id, modelID, year, currentVehicle, repurchase) VALUES (5, 374, 1981, "no", "yes");
INSERT INTO ownedVehicles (id, modelID, year, currentVehicle, repurchase) VALUES (6, 237, 1980, "no", "no");
INSERT INTO ownedVehicles (id, modelID, year, currentVehicle, repurchase) VALUES (7, 24, 1973, "no", "yes");
INSERT INTO ownedVehicles (id, modelID, year, currentVehicle, repurchase) VALUES (8, 470, 1986, "no", "yes");
INSERT INTO ownedVehicles (id, modelID, year, currentVehicle, repurchase) VALUES (9, 392, 1989, "no", "no");
INSERT INTO ownedVehicles (id, modelID, year, currentVehicle, repurchase) VALUES (10, 227, 1991, "no", "no");
INSERT INTO ownedVehicles (id, modelID, year, currentVehicle, repurchase) VALUES (11, 391, 2003, "no", "yes");
INSERT INTO ownedVehicles (id, modelID, year, currentVehicle, repurchase) VALUES (12, 530, 2013, "no", "no");
INSERT INTO ownedVehicles (id, modelID, year, currentVehicle, repurchase) VALUES (13, 309, 2008, "no", "yes");
INSERT INTO ownedVehicles (id, modelID, year, currentVehicle, repurchase) VALUES (14, 35, 2005, "no", "yes");
INSERT INTO ownedVehicles (id, modelID, year, currentVehicle, repurchase) VALUES (15, 1012, 2005, "no", "yes");
INSERT INTO ownedVehicles (id, modelID, year, currentVehicle, repurchase) VALUES (16, 401, 2009, "no", "yes");
INSERT INTO ownedVehicles (id, modelID, year, currentVehicle, repurchase) VALUES (17, 517, 1996, "no", "no");
INSERT INTO ownedVehicles (id, modelID, year, currentVehicle, repurchase) VALUES (18, 697, 2003, "no", "yes");
INSERT INTO ownedVehicles (id, modelID, year, currentVehicle, repurchase) VALUES (19, 1073, 2011, "no", "no");
INSERT INTO ownedVehicles (id, modelID, year, currentVehicle, repurchase) VALUES (20, 106, 1996, "no", "no");
INSERT INTO ownedVehicles (id, modelID, year, currentVehicle, repurchase) VALUES (21, 480, 1985, "no", "yes");
INSERT INTO ownedVehicles (id, modelID, year, currentVehicle, repurchase) VALUES (22, 220, 2007, "no", "yes");
INSERT INTO ownedVehicles (id, modelID, year, currentVehicle, repurchase) VALUES (23, 934, 2007, "yes", "no");
INSERT INTO ownedVehicles (id, modelID, year, currentVehicle, repurchase) VALUES (24, 883, 2015, "yes", "no");
INSERT INTO ownedVehicles (id, modelID, year, currentVehicle, repurchase) VALUES (25, 871, 1994, "no", "no");
INSERT INTO ownedVehicles (id, modelID, year, currentVehicle, repurchase) VALUES (26, 460, 1984, "no", "no");